t_s,dt_ms,estado,fase_huir,v_lin,v_ang,buzzer,confirmadas,n_det,franjas,obj_conf,obj_ex,obj_ar,obj_w,obj_h,amz_conf,amz_ex,amz_ar,dist_cm,motivo
0.126,126.5,BUSCAR,0,0,0,,,0,0.000,,,,,,,,,183,mirando
0.219,92.1,BUSCAR,0,0,0,,,0,0.000,,,,,,,,,183,mirando
0.310,91.9,BUSCAR,0,0,0,,,0,0.000,,,,,,,,,183,mirando
0.402,91.5,BUSCAR,0,0,0,,,0,0.000,,,,,,,,,183,mirando
0.496,94.2,BUSCAR,0,0,0,,,0,0.000,,,,,,,,,183,mirando
0.590,94.2,BUSCAR,0,0,0,,,0,0.000,,,,,,,,,183,mirando
0.684,94.1,BUSCAR,0,0,0,,,0,0.000,,,,,,,,,183,mirando
0.778,94.0,BUSCAR,0,0,35,,,0,0.000,,,,,,,,,183,barriendo
0.879,100.2,BUSCAR,0,0,35,,,0,0.000,,,,,,,,,183,barriendo
0.973,94.1,BUSCAR,0,0,35,,,0,0.000,,,,,,,,,183,barriendo
1.066,93.7,BUSCAR,0,0,0,,,0,0.000,,,,,,,,,184,mirando
1.166,99.9,BUSCAR,0,0,0,,,0,0.000,,,,,,,,,184,mirando
1.258,91.4,BUSCAR,0,0,0,,,0,0.000,,,,,,,,,184,mirando
1.349,91.2,BUSCAR,0,0,0,,,0,0.000,,,,,,,,,185,mirando
1.440,91.5,BUSCAR,0,0,0,,,0,0.000,,,,,,,,,185,mirando
1.532,91.4,BUSCAR,0,0,0,,,0,0.000,,,,,,,,,185,mirando
1.624,91.8,BUSCAR,0,0,35,,,0,0.000,,,,,,,,,185,barriendo
1.724,100.1,BUSCAR,0,0,35,,,0,0.000,,,,,,,,,185,barriendo
1.815,91.0,BUSCAR,0,0,35,,,0,0.000,,,,,,,,,185,barriendo
1.906,91.3,BUSCAR,0,0,0,,,0,0.000,,,,,,,,,187,mirando
2.003,97.4,BUSCAR,0,0,0,,,0,0.000,,,,,,,,,188,mirando
2.095,91.6,BUSCAR,0,0,0,,,0,0.000,,,,,,,,,189,mirando
2.188,93.0,BUSCAR,0,0,0,,,0,0.000,,,,,,,,,188,mirando
2.280,92.1,BUSCAR,0,0,0,,,0,0.000,,,,,,,,,188,mirando
2.372,91.7,BUSCAR,0,0,0,,,0,0.000,,,,,,,,,188,mirando
2.464,92.5,BUSCAR,0,0,35,,,0,0.000,,,,,,,,,189,barriendo
2.566,101.7,BUSCAR,0,0,35,,,0,0.000,,,,,,,,,189,barriendo
2.661,94.8,BUSCAR,0,0,35,,,0,0.000,,,,,,,,,189,barriendo
2.755,94.1,BUSCAR,0,0,0,,,0,0.000,,,,,,,,,72,mirando
2.858,103.6,BUSCAR,0,0,0,,,0,0.000,,,,,,,,,84,mirando
2.951,93.0,BUSCAR,0,0,0,,,0,0.000,,,,,,,,,152,mirando
3.045,94.0,BUSCAR,0,0,0,,,0,0.000,,,,,,,,,152,mirando
3.140,94.9,BUSCAR,0,0,0,,,0,0.000,,,,,,,,,152,mirando
3.235,94.7,BUSCAR,0,0,0,,,0,0.000,,,,,,,,,152,mirando
3.330,94.8,BUSCAR,0,0,35,,,0,0.000,,,,,,,,,152,barriendo
3.429,99.6,BUSCAR,0,0,35,,,0,0.000,,,,,,,,,152,barriendo
3.523,93.5,BUSCAR,0,0,35,,,0,0.000,,,,,,,,,155,barriendo
3.617,93.7,BUSCAR,0,0,0,,,0,0.000,,,,,,,,,75,mirando
3.716,99.2,BUSCAR,0,0,0,,,0,0.000,,,,,,,,,69,mirando
3.809,93.2,BUSCAR,0,0,0,,,0,0.000,,,,,,,,,69,mirando
3.903,93.6,BUSCAR,0,0,0,,,0,0.000,,,,,,,,,88,mirando
3.997,94.3,BUSCAR,0,0,0,,,0,0.000,,,,,,,,,88,mirando
4.092,94.7,BUSCAR,0,0,0,,,0,0.000,,,,,,,,,88,mirando
4.185,93.7,BUSCAR,0,0,35,,,0,0.000,,,,,,,,,88,barriendo
4.286,100.3,BUSCAR,0,0,35,,,0,0.000,,,,,,,,,88,barriendo
4.380,94.1,BUSCAR,0,0,0,,,0,0.000,,,,,,,,,69,mirando
4.482,101.9,BUSCAR,0,0,0,,,0,0.000,,,,,,,,,69,mirando
4.576,94.0,BUSCAR,0,0,0,,,1,0.000,,,,,,0.31,0.827,0.0660,93,"posible amenaza, freno a confirmar"
4.669,93.4,BUSCAR,0,0,0,,,0,0.000,,,,,,,,,93,mirando
4.762,93.2,BUSCAR,0,0,0,,,0,0.000,,,,,,,,,98,mirando
4.856,93.7,BUSCAR,0,0,0,,,1,0.000,,,,,,0.20,0.698,0.2244,98,"posible amenaza, freno a confirmar"
4.950,93.6,BUSCAR,0,0,0,,,1,0.000,,,,,,0.41,0.697,0.2233,98,"posible amenaza, freno a confirmar"
5.043,93.5,HUIR,1,-40,-25,2,backpack,1,0.000,,,,,,0.37,0.695,0.2244,98,fase 1: retroceso
5.148,104.6,HUIR,1,-40,-25,,backpack,1,0.000,,,,,,0.30,0.697,0.2233,174,fase 1: retroceso
5.242,94.2,HUIR,1,-40,-25,,backpack,1,0.000,,,,,,0.32,0.697,0.2227,98,fase 1: retroceso
5.336,94.4,HUIR,1,-40,-25,,backpack,0,0.000,,,,,,,,,99,fase 1: retroceso
5.431,94.6,HUIR,1,-40,-25,,backpack,1,0.000,,,,,,0.52,0.716,0.2045,99,fase 1: retroceso
5.525,94.3,HUIR,1,-40,-25,,backpack,1,0.000,,,,,,0.35,0.731,0.1909,186,fase 1: retroceso
5.619,94.0,HUIR,1,-40,-25,,backpack,0,0.000,,,,,,,,,178,fase 1: retroceso
5.713,93.6,HUIR,1,-40,-25,,backpack,0,0.000,,,,,,,,,97,fase 1: retroceso
5.807,93.8,HUIR,1,-40,-25,,backpack,0,0.000,,,,,,,,,97,fase 1: retroceso
5.901,94.0,HUIR,1,-40,-25,,backpack,0,0.000,,,,,,,,,169,fase 1: retroceso
5.995,94.3,HUIR,1,-40,-25,,,0,0.000,,,,,,,,,100,fase 1: retroceso
6.089,94.0,HUIR,1,-40,-25,,,0,0.000,,,,,,,,,171,fase 1: retroceso
6.181,92.4,HUIR,1,-40,-25,,,0,0.000,,,,,,,,,117,fase 1: retroceso
6.273,91.5,HUIR,1,-40,-25,,,0,0.000,,,,,,,,,177,fase 1: retroceso
6.365,92.4,HUIR,1,-40,-25,,,0,0.000,,,,,,,,,150,fase 1: retroceso
6.457,91.5,HUIR,1,-40,-25,,,0,0.000,,,,,,,,,179,fase 1: retroceso
6.549,91.7,HUIR,2,0,-60,,,0,0.000,,,,,,,,,118,fase 2: giro ~180 grados
6.648,99.3,HUIR,2,0,-60,,,0,0.000,,,,,,,,,181,fase 2: giro ~180 grados
6.740,91.6,HUIR,2,0,-60,,,0,0.000,,,,,,,,,209,fase 2: giro ~180 grados
6.831,91.1,HUIR,2,0,-60,,,0,0.000,,,,,,,,,206,fase 2: giro ~180 grados
6.924,93.3,HUIR,2,0,-60,,,0,0.000,,,,,,,,,203,fase 2: giro ~180 grados
7.015,91.5,HUIR,2,0,-60,,,0,0.000,,,,,,,,,188,fase 2: giro ~180 grados
7.108,92.8,HUIR,2,0,-60,,,0,0.000,,,,,,,,,188,fase 2: giro ~180 grados
7.201,92.3,HUIR,2,0,-60,,,0,0.000,,,,,,,,,188,fase 2: giro ~180 grados
7.294,93.2,HUIR,2,0,-60,,,0,0.000,,,,,,,,,192,fase 2: giro ~180 grados
7.387,93.7,HUIR,2,0,-60,,,0,0.000,,,,,,,,,84,fase 2: giro ~180 grados
7.481,93.9,HUIR,2,0,-60,,,0,0.000,,,,,,,,,68,fase 2: giro ~180 grados
7.575,93.6,HUIR,2,0,-60,,,0,0.000,,,,,,,,,94,fase 2: giro ~180 grados
7.669,94.1,HUIR,2,0,-60,,,0,0.000,,,,,,,,,108,fase 2: giro ~180 grados
7.763,93.7,HUIR,3,60,0,,,0,0.000,,,,,,,,,41,fase 3: avance
7.860,97.5,HUIR,3,60,0,,,0,0.000,,,,,,,,,41,fase 3: avance
7.952,92.0,HUIR,3,60,0,,,0,0.000,,,,,,,,,39,fase 3: avance
8.055,102.5,HUIR,3,60,0,,,1,0.000,,,,,,0.25,0.353,0.0814,37,fase 3: avance
8.150,94.9,HUIR,3,60,0,,,0,0.000,,,,,,,,,37,fase 3: avance
8.245,94.9,HUIR,3,60,0,,,1,0.000,,,,,,0.47,0.489,0.0620,31,fase 3: avance
8.338,93.0,HUIR,3,60,0,,,1,0.000,,,,,,0.40,0.186,0.3135,43,fase 3: avance
8.429,91.6,HUIR,3,60,0,,,0,0.000,,,,,,,,,41,fase 3: avance
8.522,92.6,HUIR,3,60,0,,,0,0.000,,,,,,,,,23,fase 3: avance
8.615,93.5,HUIR,3,0,60,,,1,0.000,,,,,,0.39,0.678,0.0772,19,"fase 3: obstáculo, esquivo"
8.717,102.1,HUIR,3,0,60,,,0,0.000,,,,,,,,,16,"fase 3: obstáculo, esquivo"
8.810,92.4,HUIR,3,0,60,,,0,0.000,,,,,,,,,16,"fase 3: obstáculo, esquivo"
8.902,92.2,HUIR,3,0,60,,,0,0.000,,,,,,,,,13,"fase 3: obstáculo, esquivo"
8.994,92.3,HUIR,3,0,60,,,0,0.000,,,,,,,,,12,"fase 3: obstáculo, esquivo"
9.088,93.8,HUIR,3,0,60,,,0,0.000,,,,,,,,,16,"fase 3: obstáculo, esquivo"
9.182,94.0,HUIR,3,0,60,,,0,0.000,,,,,,,,,172,"fase 3: obstáculo, esquivo"
9.276,93.9,HUIR,3,0,60,,,0,0.000,,,,,,,,,32,"fase 3: obstáculo, esquivo"
9.370,93.9,HUIR,3,0,60,,,0,0.000,,,,,,,,,33,"fase 3: obstáculo, esquivo"
9.464,93.9,HUIR,3,60,0,,,0,0.000,,,,,,,,,36,fase 3: avance
9.566,102.2,HUIR,3,60,0,,,0,0.000,,,,,,,,,34,fase 3: avance
9.659,93.3,HUIR,3,60,0,,,0,0.000,,,,,,,,,34,fase 3: avance
9.753,93.7,HUIR,3,60,0,,,0,0.000,,,,,,,,,36,fase 3: avance
9.846,93.0,HUIR,3,60,0,,,0,0.000,,,,,,,,,33,fase 3: avance
9.939,93.3,HUIR,3,60,0,,,0,0.000,,,,,,,,,181,fase 3: avance
10.033,94.0,HUIR,3,60,0,,,0,0.000,,,,,,,,,148,fase 3: avance
10.127,94.3,HUIR,3,60,0,,,0,0.000,,,,,,,,,175,fase 3: avance
10.221,93.5,HUIR,3,60,0,,,0,0.000,,,,,,,,,173,fase 3: avance
10.315,93.7,BUSCAR,0,0,0,0,,0,0.000,,,,,,,,,168,"escape completo, vuelvo a BUSCAR"
10.414,99.8,BUSCAR,0,0,0,,,0,0.000,,,,,,,,,165,mirando
10.508,93.4,BUSCAR,0,0,0,,,0,0.000,,,,,,,,,165,mirando
10.601,93.3,BUSCAR,0,0,0,,,0,0.000,,,,,,,,,162,mirando
10.694,93.4,BUSCAR,0,0,0,,,0,0.000,,,,,,,,,160,mirando
10.788,93.6,BUSCAR,0,0,0,,,0,0.000,,,,,,,,,160,mirando
10.881,93.3,BUSCAR,0,0,0,,,0,0.000,,,,,,,,,160,mirando
10.975,93.9,BUSCAR,0,0,35,,,0,0.000,,,,,,,,,160,barriendo
11.078,102.4,BUSCAR,0,0,35,,,0,0.000,,,,,,,,,160,barriendo
11.172,94.4,BUSCAR,0,0,0,,,0,0.000,,,,,,,,,160,mirando
11.274,101.6,BUSCAR,0,0,0,,,0,0.000,,,,,,,,,181,mirando
11.367,93.4,BUSCAR,0,0,0,,,0,0.000,,,,,,,,,91,mirando
11.462,94.7,BUSCAR,0,0,0,,,0,0.000,,,,,,,,,182,mirando
11.557,94.7,BUSCAR,0,0,0,,,0,0.000,,,,,,,,,183,mirando
11.651,94.5,BUSCAR,0,0,0,,,0,0.000,,,,,,,,,184,mirando
11.746,94.5,BUSCAR,0,0,0,,,0,0.000,,,,,,,,,184,mirando
11.840,94.8,BUSCAR,0,0,35,,,0,0.000,,,,,,,,,106,barriendo
11.943,102.4,BUSCAR,0,0,35,,,0,0.000,,,,,,,,,97,barriendo
12.037,94.7,BUSCAR,0,0,0,,,0,0.000,,,,,,,,,186,mirando
12.136,98.3,BUSCAR,0,0,0,,,0,0.000,,,,,,,,,85,mirando
12.230,94.7,BUSCAR,0,0,0,,,0,0.000,,,,,,,,,77,mirando
12.325,94.4,BUSCAR,0,0,0,,,0,0.000,,,,,,,,,75,mirando
12.419,94.5,BUSCAR,0,0,0,,,0,0.000,,,,,,,,,72,mirando
12.514,94.3,BUSCAR,0,0,0,,,0,0.000,,,,,,,,,72,mirando
12.608,94.5,BUSCAR,0,0,0,,,0,0.000,,,,,,,,,72,mirando
12.703,94.4,BUSCAR,0,0,35,,,0,0.000,,,,,,,,,72,barriendo
12.811,108.1,BUSCAR,0,0,35,,,0,0.000,,,,,,,,,72,barriendo
12.905,94.4,BUSCAR,0,0,0,,,0,0.000,,,,,,,,,74,mirando
13.006,101.2,BUSCAR,0,0,0,,,0,0.000,,,,,,,,,76,mirando
13.101,94.3,BUSCAR,0,0,0,,,0,0.000,,,,,,,,,79,mirando
13.195,94.6,BUSCAR,0,0,0,,,0,0.000,,,,,,,,,78,mirando
13.289,93.6,BUSCAR,0,0,0,,,0,0.000,,,,,,,,,58,mirando
13.382,93.0,BUSCAR,0,0,0,,,0,0.000,,,,,,,,,67,mirando
13.476,93.9,BUSCAR,0,0,35,,,0,0.000,,,,,,,,,78,barriendo
13.577,101.3,BUSCAR,0,0,35,,,0,0.000,,,,,,,,,77,barriendo
13.670,93.4,BUSCAR,0,0,35,,,0,0.000,,,,,,,,,78,barriendo
13.765,94.3,BUSCAR,0,0,0,,,0,0.000,,,,,,,,,80,mirando
13.866,101.4,BUSCAR,0,0,0,,,0,0.000,,,,,,,,,79,mirando
13.960,94.3,BUSCAR,0,0,0,,,0,0.000,,,,,,,,,78,mirando
14.054,94.1,BUSCAR,0,0,0,,,0,0.000,,,,,,,,,78,mirando
14.150,95.3,BUSCAR,0,0,0,,,0,0.000,,,,,,,,,79,mirando
14.244,94.4,BUSCAR,0,0,0,,,0,0.000,,,,,,,,,81,mirando
14.339,94.4,BUSCAR,0,0,35,,,0,0.000,,,,,,,,,78,barriendo
14.439,100.3,BUSCAR,0,0,35,,,0,0.000,,,,,,,,,90,barriendo
14.534,94.7,BUSCAR,0,0,35,,,0,0.000,,,,,,,,,78,barriendo
14.629,95.1,BUSCAR,0,0,0,,,0,0.000,,,,,,,,,76,mirando
14.731,102.2,BUSCAR,0,0,0,,,0,0.000,,,,,,,,,78,mirando
14.825,94.5,BUSCAR,0,0,0,,,0,0.000,,,,,,,,,78,mirando
14.920,94.5,BUSCAR,0,0,0,,,0,0.000,,,,,,,,,78,mirando
15.014,93.9,BUSCAR,0,0,0,,,0,0.000,,,,,,,,,79,mirando
15.107,93.6,BUSCAR,0,0,0,,,0,0.000,,,,,,,,,79,mirando
15.200,92.8,BUSCAR,0,0,35,,,0,0.000,,,,,,,,,63,barriendo
15.301,100.8,BUSCAR,0,0,35,,,0,0.000,,,,,,,,,55,barriendo
15.393,92.3,BUSCAR,0,0,35,,,0,0.000,,,,,,,,,128,barriendo
15.486,92.3,BUSCAR,0,0,0,,,0,0.000,,,,,,,,,198,mirando
15.584,98.5,BUSCAR,0,0,0,,,0,0.000,,,,,,,,,138,mirando
15.676,92.1,BUSCAR,0,0,0,,,0,0.000,,,,,,,,,128,mirando
15.769,92.4,BUSCAR,0,0,0,,,0,0.000,,,,,,,,,140,mirando
15.861,92.4,BUSCAR,0,0,0,,,0,0.000,,,,,,,,,137,mirando
15.954,93.4,BUSCAR,0,0,0,,,0,0.000,,,,,,,,,137,mirando
16.048,93.1,BUSCAR,0,0,35,,,0,0.000,,,,,,,,,210,barriendo
16.150,102.8,BUSCAR,0,0,35,,,0,0.000,,,,,,,,,138,barriendo
16.244,93.6,BUSCAR,0,0,35,,,0,0.000,,,,,,,,,137,barriendo
16.338,93.7,BUSCAR,0,0,0,,,0,0.000,,,,,,,,,209,mirando
16.439,100.9,BUSCAR,0,0,0,,,0,0.000,,,,,,,,,209,mirando
16.533,94.4,BUSCAR,0,0,0,,,0,0.000,,,,,,,,,209,mirando
16.627,94.4,BUSCAR,0,0,0,,,0,0.000,,,,,,,,,209,mirando
16.722,94.6,BUSCAR,0,0,0,,,0,0.000,,,,,,,,,209,mirando
16.816,94.4,BUSCAR,0,0,0,,,0,0.000,,,,,,,,,209,mirando
16.911,94.3,BUSCAR,0,0,35,,,0,0.000,,,,,,,,,209,barriendo
17.019,108.1,BUSCAR,0,0,35,,,0,0.000,,,,,,,,,209,barriendo
17.114,94.8,BUSCAR,0,0,35,,,0,0.000,,,,,,,,,209,barriendo
17.208,94.2,BUSCAR,0,0,0,,,0,0.000,,,,,,,,,209,mirando
17.311,102.8,BUSCAR,0,0,0,,,0,0.000,,,,,,,,,211,mirando
17.404,93.6,BUSCAR,0,0,0,,,0,0.000,,,,,,,,,212,mirando
17.498,93.8,BUSCAR,0,0,0,,,0,0.000,,,,,,,,,212,mirando
17.592,94.4,BUSCAR,0,0,0,,,0,0.000,,,,,,,,,212,mirando
17.687,94.3,BUSCAR,0,0,0,,,0,0.000,,,,,,,,,212,mirando
17.781,94.3,BUSCAR,0,0,35,,,0,0.000,,,,,,,,,212,barriendo
17.883,101.5,BUSCAR,0,0,35,,,0,0.000,,,,,,,,,212,barriendo
17.977,94.4,BUSCAR,0,0,0,,,0,0.000,,,,,,,,,212,mirando
18.077,100.4,BUSCAR,0,0,0,,,0,0.000,,,,,,,,,197,mirando
18.169,91.9,BUSCAR,0,0,0,,,0,0.000,,,,,,,,,212,mirando
18.262,92.4,BUSCAR,0,0,0,,,0,0.000,,,,,,,,,214,mirando
18.355,93.1,BUSCAR,0,0,0,,,0,0.000,,,,,,,,,214,mirando
18.449,94.0,BUSCAR,0,0,0,,,0,0.000,,,,,,,,,214,mirando
18.542,93.1,BUSCAR,0,0,0,,,0,0.000,,,,,,,,,215,mirando
18.636,94.3,BUSCAR,0,0,35,,,0,0.000,,,,,,,,,215,barriendo
18.738,101.9,BUSCAR,0,0,35,,,0,0.000,,,,,,,,,215,barriendo
18.831,93.4,BUSCAR,0,0,0,,,0,0.000,,,,,,,,,210,mirando
18.933,101.5,BUSCAR,0,0,0,,,0,0.000,,,,,,,,,196,mirando
19.026,93.0,BUSCAR,0,0,0,,,0,0.000,,,,,,,,,158,mirando
19.119,93.5,BUSCAR,0,0,0,,,0,0.000,,,,,,,,,198,mirando
19.213,93.2,BUSCAR,0,0,0,,,0,0.000,,,,,,,,,198,mirando
19.305,92.7,BUSCAR,0,0,0,,,0,0.000,,,,,,,,,157,mirando
19.398,92.2,BUSCAR,0,0,0,,,0,0.000,,,,,,,,,158,mirando
19.490,92.9,BUSCAR,0,0,35,,,0,0.000,,,,,,,,,158,barriendo
19.590,99.2,BUSCAR,0,0,0,,,1,0.000,,,,,,0.22,0.780,0.1124,157,"posible amenaza, freno a confirmar"
19.690,100.4,BUSCAR,0,0,0,,,0,0.000,,,,,,,,,156,mirando
19.784,93.9,BUSCAR,0,0,0,,,0,0.000,,,,,,,,,156,mirando
19.877,93.0,BUSCAR,0,0,0,,,0,0.000,,,,,,,,,156,mirando
19.971,94.1,BUSCAR,0,0,0,,,0,0.000,,,,,,,,,156,mirando
20.066,94.6,BUSCAR,0,0,0,,,1,0.000,,,,,,0.25,-0.548,0.1526,156,"posible amenaza, freno a confirmar"
20.161,94.9,BUSCAR,0,0,0,,,1,0.000,,,,,,0.21,-0.544,0.1491,156,"posible amenaza, freno a confirmar"
20.255,94.2,BUSCAR,0,0,0,,,0,0.000,,,,,,,,,156,mirando
20.349,94.1,BUSCAR,0,0,35,,,0,0.000,,,,,,,,,156,barriendo
20.451,101.9,BUSCAR,0,0,35,,,0,0.000,,,,,,,,,156,barriendo
20.545,94.0,BUSCAR,0,0,0,,,0,0.000,,,,,,,,,199,mirando
20.646,100.8,BUSCAR,0,0,0,,,0,0.000,,,,,,,,,146,mirando
20.740,94.1,BUSCAR,0,0,0,,,0,0.000,,,,,,,,,204,mirando
20.834,94.2,BUSCAR,0,0,0,,,0,0.000,,,,,,,,,204,mirando
20.929,95.0,BUSCAR,0,0,0,,,0,0.000,,,,,,,,,204,mirando
21.023,93.9,BUSCAR,0,0,0,,,0,0.000,,,,,,,,,203,mirando
21.117,94.3,BUSCAR,0,0,35,,,0,0.000,,,,,,,,,203,barriendo
21.218,101.3,BUSCAR,0,0,35,,,0,0.000,,,,,,,,,204,barriendo
21.312,93.9,BUSCAR,0,0,35,,,0,0.000,,,,,,,,,221,barriendo
21.405,93.1,BUSCAR,0,0,0,,,0,0.000,,,,,,,,,206,mirando
21.506,100.3,BUSCAR,0,0,0,,,0,0.000,,,,,,,,,146,mirando
21.599,92.9,BUSCAR,0,0,0,,,0,0.000,,,,,,,,,213,mirando
21.692,93.6,BUSCAR,0,0,0,,,0,0.000,,,,,,,,,211,mirando
21.786,93.7,BUSCAR,0,0,0,,,0,0.000,,,,,,,,,211,mirando
21.879,93.5,BUSCAR,0,0,0,,,0,0.000,,,,,,,,,211,mirando
21.973,93.8,BUSCAR,0,0,35,,,0,0.000,,,,,,,,,211,barriendo
22.074,100.8,BUSCAR,0,0,35,,,0,0.000,,,,,,,,,211,barriendo
22.167,93.3,BUSCAR,0,0,35,,,0,0.000,,,,,,,,,211,barriendo
22.261,93.6,BUSCAR,0,0,0,,,0,0.000,,,,,,,,,211,mirando
22.361,100.5,BUSCAR,0,0,0,,,0,0.000,,,,,,,,,203,mirando
22.455,93.5,BUSCAR,0,0,0,,,0,0.000,,,,,,,,,157,mirando
22.548,93.2,BUSCAR,0,0,0,,,0,0.000,,,,,,,,,157,mirando
22.642,94.0,BUSCAR,0,0,0,,,0,0.000,,,,,,,,,202,mirando
22.736,93.5,BUSCAR,0,0,0,,,0,0.000,,,,,,,,,157,mirando
22.829,93.9,BUSCAR,0,0,35,,,0,0.000,,,,,,,,,201,barriendo
22.930,100.7,BUSCAR,0,0,35,,,0,0.000,,,,,,,,,158,barriendo
23.024,93.9,BUSCAR,0,0,35,,,0,0.000,,,,,,,,,202,barriendo
23.118,93.9,BUSCAR,0,0,0,,,0,0.000,,,,,,,,,156,mirando
23.218,100.0,BUSCAR,0,0,0,,,0,0.000,,,,,,,,,159,mirando
23.312,94.4,BUSCAR,0,0,0,,,0,0.000,,,,,,,,,184,mirando
23.407,94.4,BUSCAR,0,0,0,,,0,0.000,,,,,,,,,184,mirando
23.501,94.5,BUSCAR,0,0,0,,,0,0.000,,,,,,,,,184,mirando
23.596,94.6,BUSCAR,0,0,0,,,0,0.000,,,,,,,,,184,mirando
23.691,94.8,BUSCAR,0,0,35,,,0,0.000,,,,,,,,,184,barriendo
23.791,100.3,BUSCAR,0,0,35,,,0,0.000,,,,,,,,,184,barriendo
23.885,94.3,BUSCAR,0,0,35,,,0,0.000,,,,,,,,,158,barriendo
23.980,94.7,BUSCAR,0,0,0,,,0,0.000,,,,,,,,,111,mirando
24.082,101.9,BUSCAR,0,0,0,,,0,0.000,,,,,,,,,111,mirando
24.176,94.3,BUSCAR,0,0,0,,,0,0.000,,,,,,,,,110,mirando
24.271,94.5,BUSCAR,0,0,0,,,0,0.000,,,,,,,,,110,mirando
24.366,95.1,BUSCAR,0,0,0,,,0,0.000,,,,,,,,,110,mirando
24.460,94.4,BUSCAR,0,0,0,,,0,0.000,,,,,,,,,110,mirando
24.555,94.3,BUSCAR,0,0,35,,,0,0.000,,,,,,,,,110,barriendo
24.654,99.9,BUSCAR,0,0,0,,,1,0.000,0.35,-0.806,0.0460,114,124,,,,110,"posible objetivo, freno a confirmar"
24.754,99.1,BUSCAR,0,0,35,,,0,0.000,,,,,,,,,110,barriendo
24.855,101.1,BUSCAR,0,0,0,,,0,0.000,,,,,,,,,110,mirando
24.955,100.4,BUSCAR,0,0,0,,,0,0.000,,,,,,,,,110,mirando
25.048,93.4,BUSCAR,0,0,0,,,0,0.000,,,,,,,,,110,mirando
25.143,94.3,BUSCAR,0,0,0,,,2,0.000,,,,,,0.58,0.887,0.0310,110,"posible amenaza, freno a confirmar"
25.238,95.3,BUSCAR,0,0,0,,,2,0.000,,,,,,0.56,0.889,0.0314,110,"posible amenaza, freno a confirmar"
25.332,94.1,HUIR,1,-40,-25,2,backpack,2,0.000,,,,,,0.59,0.889,0.0310,110,fase 1: retroceso
25.435,103.3,HUIR,1,-40,-25,,backpack,2,0.000,,,,,,0.58,0.889,0.0312,110,fase 1: retroceso
25.530,94.3,HUIR,1,-40,-25,,backpack,2,0.000,,,,,,0.56,0.889,0.0312,110,fase 1: retroceso
25.624,94.0,HUIR,1,-40,-25,,backpack,1,0.000,,,,,,0.36,0.883,0.0318,111,fase 1: retroceso
25.718,94.2,HUIR,1,-40,-25,,backpack,2,0.000,,,,,,0.64,0.870,0.0345,113,fase 1: retroceso
25.811,93.5,HUIR,1,-40,-25,,backpack,2,0.000,,,,,,0.52,0.869,0.0360,114,fase 1: retroceso
25.904,92.2,HUIR,1,-40,-25,,backpack,2,0.000,,,,,,0.51,0.866,0.0372,114,fase 1: retroceso
25.995,91.8,HUIR,1,-40,-25,,backpack,2,0.000,,,,,,0.46,0.869,0.0333,117,fase 1: retroceso
26.088,93.0,HUIR,1,-40,-25,,backpack,2,0.000,,,,,,0.36,0.880,0.0273,119,fase 1: retroceso
26.181,92.5,HUIR,1,-40,-25,,backpack,1,0.000,,,,,,0.31,0.895,0.0221,121,fase 1: retroceso
26.273,92.3,HUIR,1,-40,-25,,backpack,0,0.000,,,,,,,,,123,fase 1: retroceso
26.366,93.2,HUIR,1,-40,-25,,backpack,0,0.000,,,,,,,,,126,fase 1: retroceso
26.461,94.5,HUIR,1,-40,-25,,backpack,0,0.000,,,,,,,,,129,fase 1: retroceso
26.555,94.3,HUIR,1,-40,-25,,backpack,0,0.000,,,,,,,,,130,fase 1: retroceso
26.650,94.3,HUIR,1,-40,-25,,,0,0.000,,,,,,,,,133,fase 1: retroceso
26.742,92.5,HUIR,1,-40,-25,,,0,0.000,,,,,,,,,173,fase 1: retroceso
26.835,93.2,HUIR,2,0,-60,,,0,0.000,,,,,,,,,176,fase 2: giro ~180 grados
26.939,103.8,HUIR,2,0,-60,,,0,0.000,,,,,,,,,179,fase 2: giro ~180 grados
27.034,94.8,HUIR,2,0,-60,,,0,0.000,,,,,,,,,179,fase 2: giro ~180 grados
27.129,94.8,HUIR,2,0,-60,,,0,0.000,,,,,,,,,182,fase 2: giro ~180 grados
27.223,94.3,HUIR,2,0,-60,,,0,0.000,,,,,,,,,245,fase 2: giro ~180 grados
27.315,92.1,HUIR,2,0,-60,,,0,0.000,,,,,,,,,258,fase 2: giro ~180 grados
27.407,92.2,HUIR,2,0,-60,,,0,0.000,,,,,,,,,175,fase 2: giro ~180 grados
27.499,91.8,HUIR,2,0,-60,,,0,0.000,,,,,,,,,184,fase 2: giro ~180 grados
27.592,93.0,HUIR,2,0,-60,,,0,0.000,,,,,,,,,210,fase 2: giro ~180 grados
27.686,93.7,HUIR,2,0,-60,,,0,0.000,,,,,,,,,204,fase 2: giro ~180 grados
27.780,94.2,HUIR,2,0,-60,,,0,0.000,,,,,,,,,152,fase 2: giro ~180 grados
27.873,92.9,HUIR,2,0,-60,,,0,0.000,,,,,,,,,104,fase 2: giro ~180 grados
27.965,92.5,HUIR,2,0,-60,,,0,0.000,,,,,,,,,93,fase 2: giro ~180 grados
28.058,92.3,HUIR,3,60,0,,,0,0.000,,,,,,,,,87,fase 3: avance
28.157,99.2,HUIR,3,60,0,,,0,0.000,,,,,,,,,87,fase 3: avance
28.249,92.0,HUIR,3,60,0,,,0,0.000,,,,,,,,,73,fase 3: avance
28.342,92.6,HUIR,3,60,0,,,0,0.000,,,,,,,,,71,fase 3: avance
28.435,93.4,HUIR,3,60,0,,,0,0.000,,,,,,,,,66,fase 3: avance
28.528,93.6,HUIR,3,60,0,,,0,0.000,,,,,,,,,54,fase 3: avance
28.622,93.7,HUIR,3,60,0,,,0,0.000,,,,,,,,,50,fase 3: avance
28.715,93.3,HUIR,3,60,0,,,0,0.000,,,,,,,,,47,fase 3: avance
28.809,93.9,HUIR,3,60,0,,,0,0.000,,,,,,,,,44,fase 3: avance
28.901,91.4,HUIR,3,60,0,,,0,0.000,,,,,,,,,40,fase 3: avance
28.993,91.9,HUIR,3,60,0,,,0,0.000,,,,,,,,,39,fase 3: avance
29.086,92.9,HUIR,3,60,0,,,0,0.000,,,,,,,,,134,fase 3: avance
29.180,94.7,HUIR,3,60,0,,,0,0.000,,,,,,,,,133,fase 3: avance
29.275,94.4,HUIR,3,60,0,,,0,0.000,,,,,,,,,129,fase 3: avance
29.369,94.4,HUIR,3,60,0,,,0,0.000,,,,,,,,,128,fase 3: avance
29.463,94.3,HUIR,3,60,0,,,0,0.000,,,,,,,,,123,fase 3: avance
29.558,94.5,HUIR,3,60,0,,,0,0.000,,,,,,,,,121,fase 3: avance
29.652,93.9,HUIR,3,60,0,,,0,0.000,,,,,,,,,118,fase 3: avance
29.746,93.7,HUIR,3,60,0,,,0,0.000,,,,,,,,,115,fase 3: avance
29.840,94.0,HUIR,3,60,0,,,0,0.000,,,,,,,,,111,fase 3: avance
29.934,94.1,HUIR,3,60,0,,,0,0.000,,,,,,,,,108,fase 3: avance
30.027,93.2,HUIR,3,60,0,,,0,0.000,,,,,,,,,106,fase 3: avance
30.120,93.3,HUIR,3,60,0,,,0,0.000,,,,,,,,,102,fase 3: avance
30.214,93.6,HUIR,3,60,0,,,0,0.000,,,,,,,,,99,fase 3: avance
30.308,94.2,HUIR,3,60,0,,,0,0.000,,,,,,,,,98,fase 3: avance
30.402,93.7,HUIR,3,60,0,,,0,0.000,,,,,,,,,141,fase 3: avance
30.495,93.5,HUIR,3,60,0,,,0,0.000,,,,,,,,,137,fase 3: avance
30.589,93.5,BUSCAR,0,0,0,0,,0,0.000,,,,,,,,,132,"escape completo, vuelvo a BUSCAR"
30.691,102.7,BUSCAR,0,0,0,,,0,0.000,,,,,,,,,130,mirando
30.786,94.3,BUSCAR,0,0,0,,,0,0.000,,,,,,,,,126,mirando
30.880,94.2,BUSCAR,0,0,0,,,0,0.000,,,,,,,,,124,mirando
30.974,94.3,BUSCAR,0,0,0,,,0,0.000,,,,,,,,,123,mirando
31.068,94.0,BUSCAR,0,0,0,,,0,0.000,,,,,,,,,122,mirando
31.163,94.9,BUSCAR,0,0,0,,,0,0.000,,,,,,,,,80,mirando
31.257,93.9,BUSCAR,0,0,35,,,0,0.000,,,,,,,,,122,barriendo
31.358,101.0,BUSCAR,0,0,35,,,0,0.000,,,,,,,,,80,barriendo
31.452,93.9,BUSCAR,0,0,0,,,0,0.000,,,,,,,,,122,mirando
31.554,102.2,BUSCAR,0,0,0,,,0,0.000,,,,,,,,,121,mirando
31.648,93.8,BUSCAR,0,0,0,,,0,0.000,,,,,,,,,121,mirando
31.742,94.0,BUSCAR,0,0,0,,,0,0.000,,,,,,,,,121,mirando
31.836,93.9,BUSCAR,0,0,0,,,0,0.000,,,,,,,,,121,mirando
31.930,94.2,BUSCAR,0,0,0,,,0,0.000,,,,,,,,,121,mirando
32.024,94.2,BUSCAR,0,0,0,,,0,0.000,,,,,,,,,121,mirando
32.118,94.1,BUSCAR,0,0,35,,,0,0.000,,,,,,,,,121,barriendo
32.218,100.2,BUSCAR,0,0,35,,,0,0.000,,,,,,,,,121,barriendo
32.313,94.6,BUSCAR,0,0,0,,,0,0.000,,,,,,,,,121,mirando
32.413,100.0,BUSCAR,0,0,0,,,0,0.000,,,,,,,,,121,mirando
32.506,93.5,BUSCAR,0,0,0,,,0,0.000,,,,,,,,,121,mirando
32.601,94.1,BUSCAR,0,0,0,,,0,0.000,,,,,,,,,121,mirando
32.695,94.6,BUSCAR,0,0,0,,,0,0.000,,,,,,,,,121,mirando
32.790,94.5,BUSCAR,0,0,0,,,0,0.000,,,,,,,,,121,mirando
32.884,94.4,BUSCAR,0,0,0,,,0,0.000,,,,,,,,,121,mirando
32.977,93.2,BUSCAR,0,0,35,,,0,0.000,,,,,,,,,121,barriendo
33.076,99.0,BUSCAR,0,0,35,,,0,0.000,,,,,,,,,121,barriendo
33.168,92.1,BUSCAR,0,0,0,,,0,0.000,,,,,,,,,121,mirando
33.268,99.4,BUSCAR,0,0,0,,,0,0.000,,,,,,,,,112,mirando
33.361,93.2,BUSCAR,0,0,0,,,0,0.000,,,,,,,,,112,mirando
33.455,94.3,BUSCAR,0,0,0,,,0,0.000,,,,,,,,,112,mirando
33.547,92.1,BUSCAR,0,0,0,,,0,0.000,,,,,,,,,112,mirando
33.639,92.0,BUSCAR,0,0,0,,,0,0.000,,,,,,,,,113,mirando
33.732,92.5,BUSCAR,0,0,0,,,0,0.000,,,,,,,,,112,mirando
33.824,92.6,BUSCAR,0,0,35,,,0,0.000,,,,,,,,,112,barriendo
33.925,100.4,BUSCAR,0,0,35,,,0,0.000,,,,,,,,,113,barriendo
34.018,92.9,BUSCAR,0,0,0,,,0,0.000,,,,,,,,,107,mirando
34.117,98.8,BUSCAR,0,0,0,,,0,0.000,,,,,,,,,124,mirando
34.209,92.0,BUSCAR,0,0,0,,,0,0.000,,,,,,,,,107,mirando
34.301,92.4,BUSCAR,0,0,0,,,0,0.000,,,,,,,,,107,mirando
34.395,94.1,BUSCAR,0,0,0,,,0,0.000,,,,,,,,,107,mirando
34.489,94.0,BUSCAR,0,0,0,,,0,0.000,,,,,,,,,107,mirando
34.583,93.4,BUSCAR,0,0,0,,,0,0.000,,,,,,,,,106,mirando
34.676,93.8,BUSCAR,0,0,35,,,0,0.000,,,,,,,,,106,barriendo
34.778,101.6,BUSCAR,0,0,35,,,0,0.000,,,,,,,,,106,barriendo
34.872,93.6,BUSCAR,0,0,0,,,0,0.000,,,,,,,,,114,mirando
34.974,102.0,BUSCAR,0,0,0,,,0,0.000,,,,,,,,,107,mirando
35.068,94.1,BUSCAR,0,0,0,,,0,0.000,,,,,,,,,107,mirando
35.161,93.2,BUSCAR,0,0,0,,,0,0.000,,,,,,,,,107,mirando
35.253,92.4,BUSCAR,0,0,0,,,0,0.000,,,,,,,,,107,mirando
35.347,94.2,BUSCAR,0,0,0,,,0,0.000,,,,,,,,,107,mirando
35.442,94.5,BUSCAR,0,0,35,,,0,0.000,,,,,,,,,107,barriendo
35.543,100.7,BUSCAR,0,0,35,,,0,0.000,,,,,,,,,107,barriendo
35.637,94.4,BUSCAR,0,0,35,,,0,0.000,,,,,,,,,166,barriendo
35.732,94.7,BUSCAR,0,0,0,,,0,0.000,,,,,,,,,108,mirando
35.835,102.9,BUSCAR,0,0,0,,,0,0.000,,,,,,,,,104,mirando
35.929,94.1,BUSCAR,0,0,0,,,0,0.000,,,,,,,,,115,mirando
36.023,94.3,BUSCAR,0,0,0,,,0,0.000,,,,,,,,,115,mirando
36.118,94.5,BUSCAR,0,0,0,,,0,0.000,,,,,,,,,115,mirando
36.212,94.8,BUSCAR,0,0,0,,,0,0.000,,,,,,,,,115,mirando
36.304,92.1,BUSCAR,0,0,35,,,0,0.000,,,,,,,,,115,barriendo
36.404,99.8,BUSCAR,0,0,35,,,0,0.000,,,,,,,,,115,barriendo
36.496,91.8,BUSCAR,0,0,35,,,0,0.000,,,,,,,,,74,barriendo
36.589,92.7,BUSCAR,0,0,0,,,0,0.000,,,,,,,,,73,mirando
36.689,100.4,BUSCAR,0,0,0,,,0,0.000,,,,,,,,,74,mirando
36.782,93.0,BUSCAR,0,0,0,,,0,0.000,,,,,,,,,73,mirando
36.876,93.7,BUSCAR,0,0,0,,,0,0.000,,,,,,,,,73,mirando
36.970,93.9,BUSCAR,0,0,0,,,0,0.000,,,,,,,,,73,mirando
37.064,93.9,BUSCAR,0,0,0,,,0,0.000,,,,,,,,,73,mirando
37.158,93.9,BUSCAR,0,0,35,,,0,0.000,,,,,,,,,73,barriendo
37.258,100.3,BUSCAR,0,0,35,,,0,0.000,,,,,,,,,73,barriendo
37.351,93.6,BUSCAR,0,0,35,,,0,0.000,,,,,,,,,95,barriendo
37.445,93.4,BUSCAR,0,0,0,,,0,0.000,,,,,,,,,71,mirando
37.546,100.8,BUSCAR,0,0,0,,,0,0.000,,,,,,,,,86,mirando
37.639,93.4,BUSCAR,0,0,0,,,0,0.000,,,,,,,,,84,mirando
37.733,93.4,BUSCAR,0,0,0,,,0,0.000,,,,,,,,,84,mirando
37.826,93.9,BUSCAR,0,0,0,,,0,0.000,,,,,,,,,84,mirando
37.921,94.1,BUSCAR,0,0,0,,,0,0.000,,,,,,,,,84,mirando
38.015,94.9,BUSCAR,0,0,35,,,0,0.000,,,,,,,,,84,barriendo
38.118,102.7,BUSCAR,0,0,35,,,0,0.000,,,,,,,,,84,barriendo
38.214,96.3,BUSCAR,0,0,35,,,0,0.000,,,,,,,,,92,barriendo
38.309,94.4,BUSCAR,0,0,0,,,0,0.000,,,,,,,,,205,mirando
38.410,101.4,BUSCAR,0,0,0,,,0,0.000,,,,,,,,,205,mirando
38.504,94.1,BUSCAR,0,0,0,,,0,0.000,,,,,,,,,205,mirando
38.599,94.3,BUSCAR,0,0,0,,,0,0.000,,,,,,,,,205,mirando
38.693,94.5,BUSCAR,0,0,0,,,0,0.000,,,,,,,,,205,mirando
38.788,94.3,BUSCAR,0,0,0,,,0,0.000,,,,,,,,,206,mirando
38.882,94.5,BUSCAR,0,0,35,,,0,0.000,,,,,,,,,206,barriendo
38.983,100.6,BUSCAR,0,0,35,,,0,0.000,,,,,,,,,205,barriendo
39.077,94.3,BUSCAR,0,0,35,,,0,0.000,,,,,,,,,207,barriendo
39.171,94.3,BUSCAR,0,0,0,,,0,0.000,,,,,,,,,213,mirando
39.274,102.9,BUSCAR,0,0,0,,,0,0.000,,,,,,,,,138,mirando
39.368,93.8,BUSCAR,0,0,0,,,0,0.000,,,,,,,,,138,mirando
39.462,93.9,BUSCAR,0,0,0,,,0,0.000,,,,,,,,,138,mirando
39.556,94.2,BUSCAR,0,0,0,,,0,0.000,,,,,,,,,138,mirando
39.650,94.2,BUSCAR,0,0,0,,,0,0.000,,,,,,,,,138,mirando
39.745,94.6,BUSCAR,0,0,35,,,0,0.000,,,,,,,,,138,barriendo
39.847,101.9,BUSCAR,0,0,35,,,0,0.000,,,,,,,,,138,barriendo
39.941,94.6,BUSCAR,0,0,0,,,0,0.000,,,,,,,,,138,mirando
40.050,108.7,BUSCAR,0,0,0,,,0,0.000,,,,,,,,,136,mirando
40.145,94.4,BUSCAR,0,0,0,,,0,0.000,,,,,,,,,137,mirando
40.239,94.4,BUSCAR,0,0,0,,,0,0.000,,,,,,,,,137,mirando
40.334,95.3,BUSCAR,0,0,0,,,0,0.000,,,,,,,,,137,mirando
40.429,95.2,BUSCAR,0,0,0,,,0,0.000,,,,,,,,,137,mirando
40.524,95.1,BUSCAR,0,0,0,,,0,0.000,,,,,,,,,137,mirando
40.619,95.1,BUSCAR,0,0,35,,,0,0.000,,,,,,,,,137,barriendo
40.724,104.0,BUSCAR,0,0,35,,,0,0.000,,,,,,,,,137,barriendo
40.818,95.0,BUSCAR,0,0,0,,,0,0.000,,,,,,,,,138,mirando
40.919,100.3,BUSCAR,0,0,0,,,0,0.000,,,,,,,,,137,mirando
41.012,93.5,BUSCAR,0,0,0,,,0,0.000,,,,,,,,,137,mirando
41.107,94.8,BUSCAR,0,0,0,,,0,0.000,,,,,,,,,137,mirando
41.201,94.0,BUSCAR,0,0,0,,,0,0.000,,,,,,,,,137,mirando
41.296,94.4,BUSCAR,0,0,0,,,0,0.000,,,,,,,,,137,mirando
41.390,94.2,BUSCAR,0,0,35,,,0,0.000,,,,,,,,,137,barriendo
41.499,108.9,BUSCAR,0,0,35,,,0,0.000,,,,,,,,,137,barriendo
41.592,93.7,BUSCAR,0,0,35,,,0,0.000,,,,,,,,,137,barriendo
41.686,93.4,BUSCAR,0,0,0,,,0,0.000,,,,,,,,,139,mirando
41.786,100.0,BUSCAR,0,0,0,,,0,0.000,,,,,,,,,142,mirando
41.879,93.8,BUSCAR,0,0,0,,,0,0.000,,,,,,,,,180,mirando
41.973,93.9,BUSCAR,0,0,0,,,0,0.000,,,,,,,,,181,mirando
42.067,93.7,BUSCAR,0,0,0,,,0,0.000,,,,,,,,,180,mirando
42.159,92.3,BUSCAR,0,0,0,,,0,0.000,,,,,,,,,181,mirando
42.251,92.0,BUSCAR,0,0,35,,,0,0.000,,,,,,,,,192,barriendo
42.352,100.6,BUSCAR,0,0,35,,,0,0.000,,,,,,,,,193,barriendo
42.444,92.0,BUSCAR,0,0,35,,,0,0.000,,,,,,,,,193,barriendo
42.536,91.8,BUSCAR,0,0,0,,,0,0.000,,,,,,,,,193,mirando
42.636,100.1,BUSCAR,0,0,0,,,0,0.000,,,,,,,,,102,mirando
42.727,91.7,BUSCAR,0,0,0,,,0,0.000,,,,,,,,,101,mirando
42.820,92.4,BUSCAR,0,0,0,,,0,0.000,,,,,,,,,101,mirando
42.914,94.0,BUSCAR,0,0,0,,,0,0.000,,,,,,,,,101,mirando
43.008,94.0,BUSCAR,0,0,0,,,0,0.000,,,,,,,,,101,mirando
43.102,94.4,BUSCAR,0,0,35,,,0,0.000,,,,,,,,,101,barriendo
43.203,100.7,BUSCAR,0,0,35,,,0,0.000,,,,,,,,,101,barriendo
43.297,94.4,BUSCAR,0,0,35,,,0,0.000,,,,,,,,,90,barriendo
43.391,93.6,BUSCAR,0,0,0,,,0,0.000,,,,,,,,,99,mirando
43.498,106.9,BUSCAR,0,0,0,,,0,0.000,,,,,,,,,101,mirando
43.592,93.9,BUSCAR,0,0,0,,,0,0.000,,,,,,,,,104,mirando
43.686,93.9,BUSCAR,0,0,0,,,0,0.000,,,,,,,,,104,mirando
43.780,94.3,BUSCAR,0,0,0,,,0,0.000,,,,,,,,,104,mirando
43.874,94.2,BUSCAR,0,0,0,,,0,0.000,,,,,,,,,104,mirando
43.968,94.1,BUSCAR,0,0,35,,,0,0.000,,,,,,,,,104,barriendo
44.071,102.9,BUSCAR,0,0,35,,,0,0.000,,,,,,,,,101,barriendo
44.167,95.6,BUSCAR,0,0,35,,,0,0.000,,,,,,,,,100,barriendo
44.261,94.1,BUSCAR,0,0,0,,,0,0.000,,,,,,,,,100,mirando
44.362,101.1,BUSCAR,0,0,0,,,0,0.000,,,,,,,,,102,mirando
44.455,93.4,BUSCAR,0,0,0,,,0,0.000,,,,,,,,,102,mirando
44.547,91.4,BUSCAR,0,0,0,,,0,0.000,,,,,,,,,102,mirando
44.639,92.2,BUSCAR,0,0,0,,,0,0.000,,,,,,,,,102,mirando
44.731,92.0,BUSCAR,0,0,0,,,0,0.000,,,,,,,,,102,mirando
44.823,91.8,BUSCAR,0,0,35,,,0,0.000,,,,,,,,,102,barriendo
44.921,98.2,BUSCAR,0,0,35,,,0,0.000,,,,,,,,,103,barriendo
45.015,94.3,BUSCAR,0,0,35,,,0,0.000,,,,,,,,,103,barriendo
45.110,94.5,BUSCAR,0,0,0,,,0,0.000,,,,,,,,,105,mirando
45.211,100.8,BUSCAR,0,0,0,,,0,0.000,,,,,,,,,362,mirando
45.304,93.7,BUSCAR,0,0,0,,,0,0.000,,,,,,,,,272,mirando
45.398,94.1,BUSCAR,0,0,0,,,0,0.000,,,,,,,,,304,mirando
45.493,94.4,BUSCAR,0,0,0,,,0,0.000,,,,,,,,,305,mirando
45.587,94.3,BUSCAR,0,0,0,,,0,0.000,,,,,,,,,305,mirando
45.681,94.3,BUSCAR,0,0,35,,,0,0.000,,,,,,,,,305,barriendo
45.783,101.3,BUSCAR,0,0,35,,,0,0.000,,,,,,,,,303,barriendo
45.877,94.6,BUSCAR,0,0,35,,,0,0.000,,,,,,,,,273,barriendo
45.972,94.3,BUSCAR,0,0,0,,,0,0.000,,,,,,,,,302,mirando
46.073,101.8,BUSCAR,0,0,0,,,1,0.000,,,,,,0.32,-0.445,0.0275,302,"posible amenaza, freno a confirmar"
46.166,93.1,BUSCAR,0,0,0,,,0,0.000,,,,,,,,,302,mirando
46.259,92.1,BUSCAR,0,0,0,,,0,0.000,,,,,,,,,303,mirando
46.352,93.5,BUSCAR,0,0,0,,,0,0.000,,,,,,,,,303,mirando
46.447,94.6,BUSCAR,0,0,0,,,0,0.000,,,,,,,,,303,mirando
46.541,94.5,BUSCAR,0,0,35,,,0,0.000,,,,,,,,,303,barriendo
46.642,101.2,BUSCAR,0,0,35,,,0,0.000,,,,,,,,,303,barriendo
46.737,94.8,BUSCAR,0,0,35,,,0,0.000,,,,,,,,,303,barriendo
46.831,94.1,BUSCAR,0,0,0,,,0,0.000,,,,,,,,,81,mirando
46.928,96.3,BUSCAR,0,0,0,,,0,0.000,,,,,,,,,78,mirando
47.022,94.5,BUSCAR,0,0,0,,,0,0.000,,,,,,,,,77,mirando
47.115,92.8,BUSCAR,0,0,0,,,0,0.000,,,,,,,,,78,mirando
47.208,92.7,BUSCAR,0,0,0,,,0,0.000,,,,,,,,,78,mirando
47.300,92.4,BUSCAR,0,0,0,,,0,0.000,,,,,,,,,78,mirando
47.393,92.5,BUSCAR,0,0,35,,,0,0.000,,,,,,,,,78,barriendo
47.492,99.8,BUSCAR,0,0,35,,,0,0.000,,,,,,,,,78,barriendo
47.585,92.2,BUSCAR,0,0,35,,,0,0.000,,,,,,,,,78,barriendo
47.676,91.9,BUSCAR,0,30,0,,,0,0.000,,,,,,,,,77,reubicando
47.776,99.4,BUSCAR,0,30,0,,,0,0.000,,,,,,,,,78,reubicando
47.867,91.5,BUSCAR,0,30,0,,,0,0.000,,,,,,,,,79,reubicando
47.959,92.0,BUSCAR,0,30,0,,,0,0.000,,,,,,,,,77,reubicando
48.051,91.9,BUSCAR,0,30,0,,,0,0.000,,,,,,,,,78,reubicando
48.144,92.5,BUSCAR,0,30,0,,,0,0.000,,,,,,,,,75,reubicando
48.236,91.9,BUSCAR,0,30,0,,,0,0.000,,,,,,,,,69,reubicando
48.328,92.1,BUSCAR,0,30,0,,,0,0.000,,,,,,,,,68,reubicando
48.420,92.0,BUSCAR,0,30,0,,,0,0.000,,,,,,,,,70,reubicando
48.512,92.1,BUSCAR,0,30,0,,,0,0.000,,,,,,,,,63,reubicando
48.605,93.1,BUSCAR,0,0,0,,,0,0.000,,,,,,,,,65,mirando
48.705,100.4,BUSCAR,0,0,0,,,0,0.000,,,,,,,,,65,mirando
48.799,93.8,BUSCAR,0,0,0,,,0,0.000,,,,,,,,,58,mirando
48.893,94.0,BUSCAR,0,0,0,,,0,0.000,,,,,,,,,61,mirando
48.985,92.3,BUSCAR,0,0,0,,,0,0.000,,,,,,,,,61,mirando
49.078,92.5,BUSCAR,0,0,0,,,0,0.000,,,,,,,,,61,mirando
49.172,94.2,BUSCAR,0,0,0,,,0,0.000,,,,,,,,,61,mirando
49.266,94.1,BUSCAR,0,0,35,,,0,0.000,,,,,,,,,61,barriendo
49.366,99.2,BUSCAR,0,0,35,,,0,0.000,,,,,,,,,61,barriendo
49.459,93.1,BUSCAR,0,0,0,,,0,0.000,,,,,,,,,53,mirando
49.560,101.8,BUSCAR,0,0,0,,,0,0.000,,,,,,,,,53,mirando
49.654,93.8,BUSCAR,0,0,0,,,0,0.000,,,,,,,,,52,mirando
49.748,93.5,BUSCAR,0,0,0,,,0,0.000,,,,,,,,,52,mirando
49.841,93.1,BUSCAR,0,0,0,,,0,0.000,,,,,,,,,52,mirando
49.933,92.5,BUSCAR,0,0,0,,,0,0.000,,,,,,,,,52,mirando
50.026,92.3,BUSCAR,0,0,0,,,0,0.000,,,,,,,,,52,mirando
50.118,92.8,BUSCAR,0,0,35,,,0,0.000,,,,,,,,,52,barriendo
50.218,99.6,BUSCAR,0,0,35,,,0,0.000,,,,,,,,,52,barriendo
50.312,94.1,BUSCAR,0,0,0,,,0,0.000,,,,,,,,,52,mirando
50.413,100.8,BUSCAR,0,0,0,,,0,0.000,,,,,,,,,51,mirando
50.505,91.6,BUSCAR,0,0,0,,,0,0.000,,,,,,,,,52,mirando
50.597,91.9,BUSCAR,0,0,0,,,0,0.000,,,,,,,,,52,mirando
50.689,92.4,BUSCAR,0,0,0,,,0,0.000,,,,,,,,,52,mirando
50.782,93.0,BUSCAR,0,0,0,,,0,0.000,,,,,,,,,52,mirando
50.876,94.1,BUSCAR,0,0,0,,,0,0.000,,,,,,,,,52,mirando
50.970,94.4,BUSCAR,0,0,35,,,0,0.000,,,,,,,,,52,barriendo
51.071,100.3,BUSCAR,0,0,35,,,0,0.000,,,,,,,,,52,barriendo
51.165,94.2,BUSCAR,0,0,0,,,0,0.000,,,,,,,,,52,mirando
51.264,99.3,BUSCAR,0,0,0,,,0,0.000,,,,,,,,,53,mirando
51.357,92.4,BUSCAR,0,0,0,,,0,0.000,,,,,,,,,53,mirando
51.449,92.8,BUSCAR,0,0,0,,,0,0.000,,,,,,,,,53,mirando
51.543,93.9,BUSCAR,0,0,0,,,0,0.000,,,,,,,,,53,mirando
51.635,92.1,BUSCAR,0,0,0,,,0,0.000,,,,,,,,,53,mirando
51.728,92.3,BUSCAR,0,0,0,,,0,0.000,,,,,,,,,53,mirando
51.820,92.1,BUSCAR,0,0,35,,,0,0.000,,,,,,,,,53,barriendo
51.920,100.5,BUSCAR,0,0,35,,,0,0.000,,,,,,,,,53,barriendo
52.012,91.9,BUSCAR,0,0,0,,,0,0.000,,,,,,,,,55,mirando
52.113,101.0,BUSCAR,0,0,0,,,0,0.000,,,,,,,,,54,mirando
52.206,93.1,BUSCAR,0,0,0,,,0,0.000,,,,,,,,,54,mirando
52.300,93.9,BUSCAR,0,0,0,,,0,0.000,,,,,,,,,54,mirando
52.392,91.8,BUSCAR,0,0,0,,,0,0.000,,,,,,,,,54,mirando
52.484,92.0,BUSCAR,0,0,0,,,0,0.000,,,,,,,,,54,mirando
52.576,91.7,BUSCAR,0,0,0,,,0,0.000,,,,,,,,,54,mirando
52.668,92.2,BUSCAR,0,0,35,,,0,0.000,,,,,,,,,54,barriendo
52.768,100.2,BUSCAR,0,0,35,,,0,0.000,,,,,,,,,54,barriendo
52.861,92.9,BUSCAR,0,0,0,,,0,0.000,,,,,,,,,55,mirando
52.962,100.3,BUSCAR,0,0,0,,,0,0.000,,,,,,,,,57,mirando
53.055,93.7,BUSCAR,0,0,0,,,0,0.000,,,,,,,,,57,mirando
53.148,92.6,BUSCAR,0,0,0,,,0,0.000,,,,,,,,,57,mirando
53.240,92.0,BUSCAR,0,0,0,,,0,0.000,,,,,,,,,57,mirando
53.332,92.1,BUSCAR,0,0,0,,,0,0.000,,,,,,,,,57,mirando
53.424,91.9,BUSCAR,0,0,0,,,0,0.000,,,,,,,,,57,mirando
53.516,91.6,BUSCAR,0,0,35,,,0,0.000,,,,,,,,,57,barriendo
53.616,100.5,BUSCAR,0,0,35,,,0,0.000,,,,,,,,,57,barriendo
53.708,91.8,BUSCAR,0,0,0,,,0,0.000,,,,,,,,,57,mirando
53.809,101.2,BUSCAR,0,0,0,,,0,0.000,,,,,,,,,57,mirando
53.901,91.9,BUSCAR,0,0,0,,,0,0.000,,,,,,,,,59,mirando
53.993,92.0,BUSCAR,0,0,0,,,0,0.000,,,,,,,,,59,mirando
54.085,92.4,BUSCAR,0,0,0,,,0,0.000,,,,,,,,,59,mirando
54.177,92.1,BUSCAR,0,0,0,,,0,0.000,,,,,,,,,59,mirando
54.270,92.3,BUSCAR,0,0,0,,,0,0.000,,,,,,,,,58,mirando
54.362,92.2,BUSCAR,0,0,35,,,0,0.000,,,,,,,,,59,barriendo
54.461,99.2,BUSCAR,0,0,35,,,0,0.000,,,,,,,,,59,barriendo
54.554,92.5,BUSCAR,0,0,0,,,0,0.000,,,,,,,,,59,mirando
54.653,99.0,BUSCAR,0,0,0,,,0,0.000,,,,,,,,,160,mirando
54.745,92.7,BUSCAR,0,0,0,,,0,0.000,,,,,,,,,121,mirando
54.840,94.6,BUSCAR,0,0,0,,,0,0.000,,,,,,,,,121,mirando
54.935,94.8,BUSCAR,0,0,0,,,0,0.000,,,,,,,,,121,mirando
55.030,95.5,BUSCAR,0,0,0,,,0,0.000,,,,,,,,,121,mirando
55.126,95.6,BUSCAR,0,0,0,,,0,0.000,,,,,,,,,121,mirando
55.221,94.8,BUSCAR,0,0,35,,,0,0.000,,,,,,,,,121,barriendo
55.323,102.3,BUSCAR,0,0,35,,,0,0.000,,,,,,,,,121,barriendo
55.417,94.1,BUSCAR,0,0,0,,,0,0.000,,,,,,,,,120,mirando
55.518,101.4,BUSCAR,0,0,0,,,0,0.000,,,,,,,,,119,mirando
55.611,92.5,BUSCAR,0,0,0,,,0,0.000,,,,,,,,,119,mirando
55.703,92.1,BUSCAR,0,0,0,,,0,0.000,,,,,,,,,119,mirando
55.795,92.2,BUSCAR,0,0,0,,,0,0.000,,,,,,,,,119,mirando
55.888,92.5,BUSCAR,0,0,0,,,0,0.000,,,,,,,,,119,mirando
55.981,93.6,BUSCAR,0,0,0,,,0,0.000,,,,,,,,,119,mirando
56.076,94.5,BUSCAR,0,0,35,,,0,0.000,,,,,,,,,119,barriendo
56.179,103.1,BUSCAR,0,0,35,,,0,0.000,,,,,,,,,119,barriendo
56.271,92.3,BUSCAR,0,0,0,,,0,0.000,,,,,,,,,119,mirando
56.373,102.3,BUSCAR,0,0,0,,,0,0.000,,,,,,,,,119,mirando
56.466,93.0,BUSCAR,0,0,0,,,1,0.000,0.80,0.734,0.0886,166,164,,,,119,"posible objetivo, freno a confirmar"
56.559,92.3,BUSCAR,0,0,0,,,1,0.000,0.91,0.625,0.0891,168,163,,,,119,"posible objetivo, freno a confirmar"
56.651,92.6,APROXIMAR,0,0,0,,teddy bear,1,0.000,0.89,0.627,0.0886,167,163,,,,119,"objetivo confirmado, cambio a APROXIMAR"
56.745,93.7,APROXIMAR,0,55,31,,teddy bear,1,0.000,0.89,0.628,0.0891,168,163,,,,119,ex=+0.63 ar=0.089
56.845,100.3,APROXIMAR,0,55,31,,teddy bear,1,0.000,0.90,0.625,0.0897,168,164,,,,119,ex=+0.62 ar=0.090
56.939,93.7,APROXIMAR,0,55,31,,teddy bear,1,0.000,0.90,0.628,0.0902,168,165,,,,118,ex=+0.63 ar=0.090
57.033,94.3,APROXIMAR,0,55,30,,teddy bear,1,0.000,0.93,0.609,0.0881,166,163,,,,117,ex=+0.61 ar=0.088
57.135,101.6,APROXIMAR,0,55,29,,teddy bear,1,0.000,0.91,0.575,0.0875,166,162,,,,116,ex=+0.57 ar=0.088
57.239,103.9,APROXIMAR,0,55,26,,teddy bear,1,0.000,0.91,0.530,0.0946,171,170,,,,114,ex=+0.53 ar=0.095
57.346,106.9,APROXIMAR,0,55,23,,teddy bear,1,0.000,0.90,0.469,0.0924,170,167,,,,72,ex=+0.47 ar=0.092
57.453,107.4,APROXIMAR,0,55,20,,teddy bear,1,0.000,0.88,0.395,0.0957,169,174,,,,68,ex=+0.40 ar=0.096
57.561,107.7,APROXIMAR,0,55,17,,teddy bear,1,0.000,0.89,0.333,0.1066,183,179,,,,64,ex=+0.33 ar=0.107
57.668,107.8,APROXIMAR,0,55,12,,teddy bear,1,0.000,0.91,0.241,0.1084,180,185,,,,62,ex=+0.24 ar=0.108
57.768,99.9,APROXIMAR,0,55,8,,teddy bear,1,0.000,0.94,0.169,0.1206,190,195,,,,59,ex=+0.17 ar=0.121
57.868,99.9,APROXIMAR,0,54,6,,teddy bear,1,0.000,0.92,0.116,0.1257,194,199,,,,55,ex=+0.12 ar=0.126
57.968,99.7,APROXIMAR,0,50,0,,teddy bear,1,0.000,0.92,0.045,0.1415,205,212,,,,53,ex=+0.05 ar=0.141
58.068,100.5,APROXIMAR,0,46,0,,teddy bear,1,0.000,0.93,-0.002,0.1575,217,223,,,,49,ex=-0.00 ar=0.158
58.168,99.6,APROXIMAR,0,41,0,,teddy bear,1,0.000,0.91,-0.045,0.1775,231,236,,,,46,ex=-0.05 ar=0.177
58.268,100.4,APROXIMAR,0,37,-5,,teddy bear,1,0.000,0.93,-0.095,0.1970,245,247,,,,43,ex=-0.10 ar=0.197
58.368,99.6,APROXIMAR,0,31,-7,,teddy bear,1,0.000,0.92,-0.131,0.2192,256,263,,,,40,ex=-0.13 ar=0.219
58.468,100.3,APROXIMAR,0,24,-8,,teddy bear,1,0.000,0.90,-0.169,0.2488,272,281,,,,36,ex=-0.17 ar=0.249
58.568,99.9,APROXIMAR,0,13,-9,,teddy bear,1,0.000,0.89,-0.212,0.2949,298,304,,,,34,ex=-0.21 ar=0.295
58.673,105.3,APROXIMAR,0,2,-1,,teddy bear,1,0.000,0.92,-0.255,0.3427,319,330,,,,31,ex=-0.25 ar=0.343
58.782,108.8,ENCONTRADO,0,0,0,1,teddy bear,1,0.000,0.95,-0.291,0.4033,348,356,,,,28,llegué (área)
58.891,109.2,ENCONTRADO,0,0,0,,teddy bear,1,0.000,0.95,-0.330,0.4480,375,367,,,,26,detenido
58.985,94.0,ENCONTRADO,0,0,0,,teddy bear,1,0.000,0.95,-0.372,0.5064,402,387,,,,23,detenido
59.080,94.3,ENCONTRADO,0,0,0,,teddy bear,1,0.000,0.94,-0.369,0.5208,404,396,,,,22,detenido
59.174,93.8,ENCONTRADO,0,0,0,,teddy bear,1,0.000,0.95,-0.358,0.5365,409,403,,,,22,detenido
59.266,92.9,ENCONTRADO,0,0,0,,teddy bear,1,0.000,0.96,-0.353,0.5445,412,406,,,,22,detenido
59.359,92.5,ENCONTRADO,0,0,0,,teddy bear,1,0.000,0.96,-0.352,0.5458,413,406,,,,22,detenido
59.453,94.1,ENCONTRADO,0,0,0,,teddy bear,1,0.000,0.96,-0.353,0.5432,412,405,,,,22,detenido
59.547,94.4,ENCONTRADO,0,0,0,,teddy bear,1,0.000,0.96,-0.352,0.5445,413,405,,,,22,detenido
59.640,92.1,ENCONTRADO,0,0,0,,teddy bear,1,0.000,0.95,-0.355,0.5445,413,405,,,,22,detenido
59.732,92.3,ENCONTRADO,0,0,0,,teddy bear,1,0.000,0.96,-0.352,0.5445,413,405,,,,22,detenido
59.825,92.8,ENCONTRADO,0,0,0,,teddy bear,1,0.000,0.96,-0.352,0.5445,413,405,,,,22,detenido
59.919,94.2,ENCONTRADO,0,0,0,,teddy bear,1,0.000,0.96,-0.352,0.5445,413,405,,,,22,detenido
60.013,94.5,ENCONTRADO,0,0,0,,teddy bear,1,0.000,0.96,-0.352,0.5445,413,405,,,,22,detenido
